Mês,Faturamento,Consumo
03/2025,354.58,265.62087
02/2025,60.43,50.0
01/2025,46.51,50.0
12/2024,438.5,305.49828
11/2024,638.07,435.97674
10/2024,611.59,435.97674
09/2024,573.37,416.06826
08/2024,666.02,474.78595
07/2024,454.64,313.4717
06/2024,450.81,314.46833
05/2024,332.96,236.69903
04/2024,263.75,193.79834
03/2024,189.88,122.91893999999999
